sku,name,price,sale_price,availability,units_sold_30d,ad_revenue_30d,ad_spend_30d
49720818139373,"5 Core Drum Throne w Backrest 4"" Padded Stool Airlift Adjustable Drummer Chair",$214.00,$97.99,"out of stock",19,936.53,95.92
48273411899629,"5 Core Guitar Stool w Backrest 3.15"" Padded Chair Foldable Music Seat Built in Foot Rest Guitar Stand",$108.00,$59.99,"in stock",11,266.69,94.95
48273398628589,"5 Core Drum Throne 4"" Padded Saddle Seat Heavy Duty Adjustable Drumming Chair",$96.00,$41.99,"in stock",10,430.87,83.59
49080656167149,"5 Core Guitar Stool w Backrest 3.15"" Padded Chair Foldable Music Seat Built in Foot Rest Guitar Stand",$108.00,$69.99,"in stock",8,175.26,124.22
48859336933613,"5 Core Drum Throne 4"" Padded Seat w Backrest Airlift Adjustable Chair Ergonomic Drummer Stool",$206.00,$102.99,"in stock",7,285.66,113.78
48273408164077,"5 Core Double Guitar Stand A Frame Shape w Foam Arms Supports Acoustic Electric Bass Ukulele Banjo",$51.00,$25.49,"in stock",6,70.11,3.16
48273411866861,"5 Core Guitar Stool w Backrest 3.15"" Padded Chair Foldable Music Seat Built in Foot Rest Guitar Stand",$128.00,$65.99,"in stock",6,215.74,52.68
48273394499821,"5 Core Drum Throne 5"" Padded Drummer Seat Adjustable Drumming Chair w Luxury Velvet Top",$100.00,$47.98,"in stock",5,139.10,14.73
48273395908845,"5 Core Drum Throne 4"" Padded Seat w Backrest Airlift Adjustable Chair Ergonomic Drummer Stool",$186.00,$92.99,"in stock",5,192.73,68.73
48273394434285,"5 Core Drum Throne 5"" Padded Drummer Seat Adjustable Drumming Chair w Luxury Velvet Top",$106.00,$52.99,"out of stock",4,107.97,26.40
48273400168685,"5 Core Drum Throne 5"" Padded Split Spine Support 4 Legged 441Lb Capacity Drummer Stool",$274.00,$136.99,"out of stock",4,208.99,8.87
48273408000237,"5 Core Double Guitar Stand A Frame Shape w Foam Arms Supports Acoustic Electric Bass Ukulele Banjo",$52.00,$27.99,"in stock",4,50.94,10.77
48273409114349,"5 Core Double Guitar Stand A Frame Shape w Foam Arms Supports Acoustic Electric Bass Ukulele Banjo",$50.00,$22.99,"in stock",4,43.60,20.05
48429786005741,"5 Core Piano Bench 3"" Padded Cushioned Stool w Backrest Heavy Duty Musician Chair Height Adjustable",$120.00,$59.99,"in stock",4,125.97,25.16
49080585388269,"5 Core Guitar Stool w Backrest 3.15"" Padded Chair Foldable Music Seat Built in Foot Rest Guitar Stand",$112.00,$58.99,"in stock",4,95.99,11.77
122161541240706490,"Pro 9-Piece Drum Mic Kit",,,,3,124.77,8.41
122161541294706490,"Choose Your Color – Red",,,,3,118.98,7.48
48273409245421,"5 Core Guitar Stand A Frame w Soft Foam Arm Non Slip Rubber for Acoustic Electric Bass",$29.00,$15.16,"in stock",3,69.66,17.42
48429780205805,"5 Core Keyboard Bench 3 Inch Padded Piano Stool Adjustable 20.5"" Guitar Seat Heavy Duty Portable",$70.00,$34.99,"in stock",3,54.98,3.92
48429785972973,"5 Core Piano Bench 3"" Padded Cushioned Stool w Backrest Heavy Duty Musician Chair Height Adjustable",$128.00,$51.99,"in stock",3,103.19,35.52
48924414247149,"5 Core Drum Throne 4"" Padded Seat w Backrest Airlift Adjustable Chair Ergonomic Drummer Stool",$168.00,$83.99,"in stock",3,108.00,15.66
49080639979757,"5 Core Guitar Stool w Backrest 3.15"" Padded Chair Foldable Music Seat Built in Foot Rest Guitar Stand",$102.00,$50.99,"in stock",3,42.40,2.19
49080657608941,"5 Core Guitar Stool w Backrest 3.15"" Padded Chair Foldable Music Seat Built in Foot Rest Guitar Stand",$102.00,$50.99,"in stock",3,45.05,5.18
49080875253997,"5 Core Guitar Stool 3.15"" Padded Chair Foldable Music Seat w Built in Foot Rest Guitar Stand",$92.00,$45.99,"in stock",3,122.29,10.57
49080877777133,"5 Core Guitar Stool 3.15"" Padded Chair Foldable Music Seat w Built in Foot Rest Guitar Stand",$94.00,$42.99,"in stock",3,90.69,1.59
49080939544813,"5 Core Guitar Stool w Backrest 3.15"" Padded Chair Foldable Music Seat Built in Foot Rest Guitar Stand",$104.00,$51.99,"in stock",3,51.99,21.64
49146889797869,"5 Core 9 Piece Drum Microphone Set w Kick Bass, Tom/Snare and Condenser Hi Hat & Cymbals Mics",$218.00,$114.99,"in stock",3,0.00,1.80
122161541252706490,"Upgrade Your Drum Sound",,,,2,75.78,1.55
48273389158637,"5 Core Drum Throne 4"" Padded Saddle Seat Heavy Duty Adjustable Drumming Chair",$88.00,$43.99,"in stock",2,53.54,25.98
48273394598125,"5 Core Drum Throne 3"" Padded Seat Adjustable Drumming Chair for Practice and Performance",$68.00,$33.99,"in stock",2,30.99,1.77
48273395646701,"5 Core Drum Throne 3"" Padded Drum Seat Height Adjustable Drumming Chair for Practice and Performance",$60.00,$29.99,"in stock",2,38.40,1.99
48273395941613,"5 Core Drum Throne 4"" Padded Seat w Backrest Airlift Adjustable Chair Ergonomic Drummer Stool",$182.00,$95.99,"in stock",2,90.99,29.57
48273398268141,"5 Core Drum Throne 3"" Padded Drum Seat Height Adjustable Drumming Chair for Practice and Performance",$72.00,$32.99,"in stock",2,39.10,0.73
48273398366445,"5 Core Drum Throne 3"" Padded Drum Seat Height Adjustable Drumming Chair for Practice and Performance",$70.00,$30.99,"in stock",2,55.98,0.53
48273398694125,"5 Core Drum Throne 4"" Padded Saddle Seat Heavy Duty Adjustable Drumming Chair",$94.00,$46.99,"in stock",2,47.98,4.33
48273400004845,"5 Core Drum Throne 4"" Padded Saddle Seat Heavy Duty Adjustable Drumming Chair",$92.00,$45.99,"in stock",2,39.20,10.02
48273400070381,"5 Core Drum Throne 5"" Padded Split Spine Support 4 Legged 441Lb Capacity Drummer Stool",$306.00,$152.99,"out of stock",2,152.99,2.07
48273400201453,"5 Core Drum Throne 5"" Padded Split Spine Support 4 Legged 441Lb Capacity Stool w Backrest",$292.00,$145.99,"out of stock",2,61.98,2.13
48273402036461,"5 Core Mic Stand Floor Adjustable 72"" Tripod Microphone Stands w Telescoping Boom Arm",$45.00,$24.99,"in stock",2,23.99,10.77
48273407148269,"5Core Vintage Microphone Classic Dynamic Professional XLR Studio Retro Style Mic Gold",$80.00,$39.99,"in stock",2,107.98,10.44
48273407967469,"5 Core Double Guitar Stand A Frame Shape w Foam Arms Supports Acoustic Electric Bass Ukulele Banjo",$53.00,$25.99,"in stock",2,25.99,13.32
48273408917741,"5 Core Double Guitar Stand A Frame Shape w Foam Arms Supports Acoustic Electric Bass Ukulele Banjo",$54.00,$24.99,"in stock",2,24.16,5.29
48860593815789,"5 Core Drum Throne 4"" Padded Seat w Backrest Airlift Adjustable Chair Ergonomic Drummer Stool",$190.00,$97.99,"in stock",2,90.08,14.03
48924371910893,"5 Core Drum Throne 4"" Padded Seat w Backrest Airlift Adjustable Chair Ergonomic Drummer Stool",$172.00,$85.99,"in stock",2,87.93,23.97
48924383510765,"5 Core Drum Throne 4"" Padded Seat w Backrest Airlift Adjustable Chair Ergonomic Drummer Stool",$176.00,$87.99,"in stock",2,0.00,5.47
48963094905069,"5 Core 9 Piece Drum Microphone Set w Kick Bass, Tom/Snare and Condenser Hi Hat & Cymbals Mics",$226.00,$112.99,"in stock",2,101.98,2.37
49014082830573,"5 Core Drum Throne w Backrest 4"" Padded Adjustable 26.5"" Drummer Stool w Velvet Top 441Lb Capacity",$173.00,$86.49,"out of stock",2,69.20,0.50
49080517099757,"5 Core Guitar Stool w Backrest 3.15"" Padded Chair Foldable Music Seat Built in Foot Rest Guitar Stand",$126.00,$66.99,"in stock",2,44.80,4.53
49080850776301,"5 Core Guitar Stool 3.15"" Padded Chair Foldable Music Seat w Built in Foot Rest Guitar Stand",$100.00,$49.99,"in stock",2,43.20,14.04
49080903860461,"5 Core Guitar Stool 3.15"" Padded Chair Foldable Music Seat w Built in Foot Rest Guitar Stand",$100.00,$49.99,"out of stock",2,47.99,0.56
49080932040941,"5 Core Guitar Stool 3.15"" Padded Chair Foldable Music Seat w Built in Foot Rest Guitar Stand",$98.00,$48.99,"in stock",2,66.48,1.47
49080936431853,"5 Core Guitar Stool w Backrest 3.15"" Padded Chair Foldable Music Seat Built in Foot Rest Guitar Stand",$106.00,$48.99,"in stock",2,48.05,1.89
49316418420973,"5 Core Megaphone 50W Bluetooth Rechargeable Bullhorn 1100 Yards Loud Siren w LED/USB/SD/AUX",$76.00,$37.99,"in stock",2,139.98,23.00
45952896467181,"5Core XLR Microphone Dynamic Mic Karaoke Singing Studio Mics Handheld Microfono",$25.00,$10.99,"in stock",1,0.00,2.96
46671147434221,"5 Core Megaphone 100W Bull Horn Professional PA Speaker w 2000 Yards Range Loud Siren Voice Amp",$226.00,$112.99,"in stock",1,23.99,3.89
47092046594285,"5 Core Megaphone 30W Bull Horn PA Speaker w 800 Yards Range USB Loud Siren Voice Amplifier Portable",$36.00,$16.87,"in stock",1,0.00,5.30
47997529719021,"5 Core Guitar Stand A Frame w Soft Foam Arm Non Slip Rubber for Acoustic Electric Bass",$32.00,$15.99,"in stock",1,0.00,0.65
48048280535277,"5 Core DJ Lighting T Bar 4 Party Lights 2Pc 35 Inch Extension Crossbar Tbar Mount w 66 lbs Capacity",$54.00,$26.99,"out of stock",1,20.00,0.64
48273389125869,"5 Core Drum Throne 4"" Padded Saddle Seat Heavy Duty Adjustable Drumming Chair",$82.00,$48.99,"in stock",1,0.00,5.27
48273394827501,"5 Core Drum Throne 3"" Padded Seat Adjustable Drumming Chair for Practice and Performance",$66.00,$29.99,"in stock",1,25.99,5.00
48273395745005,"5 Core Drum Throne 3"" Padded Drum Seat Height Adjustable Drumming Chair for Practice and Performance",$61.00,$30.49,"in stock",1,0.00,2.60
48273398497517,"5 Core Drum Throne 4"" Padded Saddle Seat Heavy Duty Adjustable Drumming Chair",$98.00,$42.99,"in stock",1,38.40,7.98
48273399775469,"5 Core Drum Throne 4"" Padded Saddle Seat Heavy Duty Adjustable Drumming Chair",$96.00,$47.99,"in stock",1,51.47,2.01
48273399972077,"5 Core Drum Throne 5"" Padded Drummer Seat Adjustable Drumming Chair w Luxury Velvet Top",$96.00,$49.99,"in stock",1,43.19,11.69
48273401872621,"5 Core Guitar Stand Floor Adjustable Heavy Duty w Neck Holder for Acoustic Electric Classic Bass",$44.00,$15.99,"in stock",1,0.00,3.44
48273402429677,"5 Core Music Stand Adjustable Desktop Book Stands Portable Sheet Holder All Metal Foldable Bookstand",$44.00,$23.99,"in stock",1,0.00,2.63
48273414062317,"5 Core Mic Stand Floor Height Adjustable Tripod Microphone Stands w Extending Telescoping Boom Arm",$40.00,$19.89,"in stock",1,17.55,26.42
48429780173037,"5 Core Keyboard Bench 3 Inch Padded Piano Stool Adjustable 20.5"" Guitar Seat Heavy Duty Portable",$64.00,$31.99,"in stock",1,28.99,1.37
48691818594541,"5 Core Drum Throne 4"" Padded Seat w Backrest Airlift Adjustable Chair Ergonomic Drummer Stool",$162.00,$85.99,"in stock",1,119.51,10.78
48861347676397,"5 Core Drum Throne 4"" Padded Seat w Backrest Airlift Adjustable Chair Ergonomic Drummer Stool",$166.00,$82.99,"in stock",1,45.99,11.37
48861843816685,"5 Core Drum Throne 4"" Padded Seat w Backrest Airlift Adjustable Chair Ergonomic Drummer Stool",$170.00,$80.99,"in stock",1,25.99,1.88
48923902443757,"5 Core Drum Throne w Backrest 4"" Padded Stool Airlift Adjustable Drummer Chair",$164.00,$77.99,"in stock",1,102.99,5.76
48923964375277,"5 Core Drum Throne w Backrest 4"" Padded Stool Airlift Adjustable Drummer Chair",$172.00,$85.99,"in stock",1,0.00,8.04
48924398452973,"5 Core Drum Throne 4"" Padded Seat w Backrest Airlift Adjustable Chair Ergonomic Drummer Stool",$186.00,$99.99,"in stock",1,43.99,6.27
49080752767213,"5 Core Guitar Stool w Backrest 3.15"" Padded Chair Foldable Music Seat Built in Foot Rest Guitar Stand",$114.00,$56.99,"in stock",1,0.00,0.99
